scale,edgefactor,floyd,quadtrop,regtrop
3,3,0.001000,0.000000,336.702000,2.397000
6,2,0.380000,0.000000,362.266000,22.403000
10,16,1322.455000,0.000000,776.445000,412.677000
12,16,87514.929000,4904.193000,3586.005000
14,16,,191125.377000,110758.856000
